"customer_id";"customer_name";"location_id"
1;"Benditt";540
2;"Hotton";335
3;"Burgher";293
4;"Havis";471
5;"Whenham";133
6;"Ambrogi";327
7;"MacVagh";296
8;"Spradbery";109
9;"Meins";184
10;"Darmody";123
11;"Axtell";248
12;"Fetherstonhaugh";163
13;"Pellington";175
14;"Lamswood";258
15;"Ivanchov";48
16;"Toffetto";257
17;"Orcott";17
18;"Attoc";35
19;"Warkup";547
20;"Aspinal";152
21;"Charity";533
22;"Beckey";155
23;"Goymer";569
24;"Dorracott";503
25;"Sharma";176
26;"Shepherd";54
27;"Balshen";57
28;"Beddie";334
29;"Stickney";82
30;"Lovel";134
31;"Pittendreigh";433
32;"Whitton";40
33;"Guyonnet";88
34;"Fronczak";23
35;"Dowtry";351
36;"Nibley";72
37;"Sunshine";345
38;"Robbins";479
39;"Ackenhead";462
40;"La Grange";59
41;"Corday";100
42;"Geelan";407
43;"Dudderidge";246
44;"Kilborn";201
45;"Allanson";144
46;"Snowman";212
47;"Bawme";309
48;"Broske";65
49;"MacNeice";196
50;"Sherlock";519
51;"Ortmann";185
52;"Sprowson";195
53;"MacCrossan";190
54;"Rowaszkiewicz";332
55;"Mold";394
56;"Mussolini";176
57;"Wharin";183
58;"Muddle";281
59;"Marval";333
60;"Giovannilli";430
61;"Caple";20
62;"Mundle";464
63;"Segrave";281
64;"McFetridge";321
65;"Feaks";297
66;"Biswell";569
67;"Riggs";493
68;"McDermott";527
69;"Nevins";155
70;"Liddyard";468
71;"Pybus";274
72;"Livett";589
73;"Lorence";256
74;"Peniman";343
75;"Holburn";506
76;"Orum";598
77;"Church";533
78;"Furmedge";133
79;"Jurries";51
80;"Garfath";257
81;"Blei";23
82;"Constable";91
83;"Brinkworth";266
84;"Ginnane";474
85;"Goodoune";215
86;"Brose";398
87;"Mayward";247
88;"Neiland";395
89;"Tees";562
90;"Labbe";330
91;"Safell";361
92;"Gorrick";31
93;"Johnigan";452
94;"Thrush";315
95;"Wonfor";177
96;"Salliere";500
97;"Dewbury";425
98;"Belford";303
99;"Tantrum";427
100;"Auten";226
101;"Golland";307
102;"Laurie";445
103;"Rettie";100
104;"Pashler";1
105;"Chick";484
106;"Jeness";567
107;"Kimmitt";429
108;"Capstaff";8
109;"MacSharry";104
110;"Oselton";234
111;"Code";506
112;"Surby";520
113;"Scedall";233
114;"Ginner";43
115;"Starcks";260
116;"Jacqueme";596
117;"Oldrey";423
118;"Pre";246
119;"Samwyse";569
120;"Mottinelli";254
121;"Kilfedder";424
122;"Wingeat";188
123;"Wayman";499
124;"Monroe";11
125;"Lyman";358
126;"Flippen";453
127;"Heaphy";265
128;"Bilborough";128
129;"Philipot";405
130;"Polfer";257
131;"Whitley";168
132;"Schall";385
133;"Coy";349
134;"Chevis";452
135;"Cregg";442
136;"Eberz";220
137;"Lengthorn";351
138;"Leguey";228
139;"Gully";406
140;"Turgoose";446
141;"Gowdy";597
142;"Wogdon";356
143;"Clark";380
144;"Smethurst";328
145;"Smorthwaite";447
146;"Pencott";1
147;"Read";134
148;"Deere";151
149;"McDuall";293
150;"Farncomb";122
151;"Jesty";57
152;"Lawford";113
153;"Lehon";419
154;"Jouanny";566
155;"Brennand";258
156;"McNellis";133
157;"Taggett";394
158;"Fiddymont";544
159;"Jery";283
160;"Flippini";340
161;"Witham";212
162;"Peppin";403
163;"Sim";309
164;"Goldney";598
165;"Wrankling";471
166;"Philippault";577
167;"Keirle";554
168;"Klimaszewski";206
169;"Shorte";534
170;"Roddan";484
171;"Dobbs";362
172;"Aitkenhead";579
173;"Cryer";268
174;"Leadbeatter";214
175;"Borris";378
176;"Adrian";245
177;"Sloat";262
178;"Hulkes";68
179;"Cabbell";487
180;"Melledy";315
181;"Leversuch";506
182;"Champniss";558
183;"Kedslie";587
184;"Winterscale";311
185;"Achrameev";543
186;"Darnbrough";297
187;"Insull";173
188;"Murkitt";320
189;"Finding";92
190;"Redwood";362
191;"Bushby";214
192;"Rowlson";189
193;"Dugdale";595
194;"Busen";377
195;"Callacher";527
196;"Burtwistle";57
197;"O'Loinn";68
198;"McKennan";268
199;"Bytheway";110
200;"Follis";363
201;"Berry";360
202;"Smaile";82
203;"Swait";117
204;"Llop";326
205;"Sedgmond";488
206;"Geharke";571
207;"Ochiltree";253
208;"Bonifazio";38
209;"Wardley";153
210;"Dexter";215
211;"Bent";270
212;"Stuke";547
213;"Drews";32
214;"Cheng";180
215;"Taunton.";289
216;"O'Loghlen";310
217;"Barczynski";284
218;"Ropcke";354
219;"Lazer";57
220;"Riste";429
221;"Denekamp";497
222;"Calderwood";360
223;"Shearmur";527
224;"Walicki";185
225;"Meriguet";112
226;"Mulles";297
227;"Mattiuzzi";3
228;"Benettini";246
229;"Parsand";423
230;"Priter";131
231;"Elks";430
232;"McNern";12
233;"Colvin";318
234;"Bareford";176
235;"Denizet";84
236;"Guiduzzi";240
237;"Ryce";409
238;"Olliver";345
239;"Oda";459
240;"Dechelette";296
241;"Boynton";366
242;"Bream";282
243;"Klimowicz";216
244;"Withnall";63
245;"Godbolt";314
246;"Babonau";89
247;"Vedyaev";401
248;"Deluze";554
249;"Blackburn";181
250;"Maving";70
251;"Memory";449
252;"Chetter";341
253;"Rollingson";417
254;"Elliott";230
255;"Lamy";405
256;"Fearfull";556
257;"Acomb";318
258;"Costin";564
259;"Marthen";128
260;"Rapport";389
261;"Curnokk";552
262;"Jankin";54
263;"Van Arsdalen";281
264;"Aiken";300
265;"Renols";53
266;"Beese";432
267;"Fozzard";285
268;"Skeels";476
269;"Hattigan";432
270;"Quig";192
271;"Nutkin";349
272;"Bernlin";141
273;"Merrigans";561
274;"Aizikov";464
275;"Coronado";15
276;"Gameson";241
277;"Imlach";227
278;"Faircliffe";90
279;"Farnaby";19
280;"Cokly";475
281;"Cameli";25
282;"Craster";472
283;"Paraman";342
284;"Toulson";340
285;"Iuorio";132
286;"Eltone";117
287;"Matherson";38
288;"Pringle";406
289;"Haldon";92
290;"Whittick";478
291;"Parrot";507
292;"Purrier";252
293;"Jayume";191
294;"Bradman";335
295;"Ortiger";438
296;"Mein";575
297;"Westnedge";466
298;"Toplin";436
299;"Grover";64
300;"Peasee";157
301;"Grendon";394
302;"Wenban";436
303;"Runcieman";571
304;"Tynan";155
305;"Sharphouse";543
306;"Cottey";274
307;"Lipscomb";238
308;"Kelbie";511
309;"Ravilious";116
310;"Mashal";393
311;"Cruces";36
312;"Beran";505
313;"Snellman";488
314;"Heymann";592
315;"Scorton";431
316;"Rivers";492
317;"Daviot";467
318;"Kolczynski";329
319;"Heinicke";489
320;"Hickford";264
321;"Gantzer";17
322;"Beviss";40
323;"Ibeson";555
324;"McCaughran";440
325;"Sercombe";526
326;"MacCaffery";324
327;"Riseborough";421
328;"Vedenyapin";241
329;"Geal";77
330;"Lapides";418
331;"Cradey";521
332;"Wigsell";289
333;"Tattersill";133
334;"Aslam";231
335;"Wipfler";139
336;"Breckenridge";113
337;"Worstall";132
338;"Ummfrey";441
339;"Jenton";18
340;"Robins";443
341;"Spadollini";431
342;"Escoffier";214
343;"Fetherby";182
344;"Kubiczek";166
345;"Fortun";418
346;"Worsnop";108
347;"Addington";596
348;"Stanner";216
349;"Drinkel";321
350;"Walentynowicz";445
351;"Agg";28
352;"Lambot";152
353;"Wade";170
354;"Borleace";200
355;"McInulty";153
356;"Greenhow";167
357;"Pinare";195
358;"Birdsall";46
359;"Klainman";62
360;"Edmondson";317
361;"Broster";397
362;"Aspling";216
363;"Rothera";414
364;"Slingsby";162
365;"Jannex";80
366;"Dockwray";331
367;"Benley";140
368;"Slevin";600
369;"Fairholme";44
370;"Dudding";209
371;"Gregoretti";258
372;"Rippingall";133
373;"Metzke";234
374;"Pomphrey";473
375;"Roycroft";323
376;"Mullenger";110
377;"Snugg";95
378;"Shearwood";276
379;"Billingsley";204
380;"Townby";551
381;"Antonat";540
382;"Wesley";598
383;"Filler";249
384;"Turmall";1
385;"Whitely";266
386;"Cheltnam";158
387;"Carn";411
388;"Sanbrooke";55
389;"Luparti";83
390;"Giorgioni";198
391;"Hugnin";74
392;"Impy";43
393;"McLardie";190
394;"Heeks";582
395;"Keen";318
396;"Foulgham";5
397;"Colliar";349
398;"Van Saltsberg";483
399;"Grinsted";109
400;"Shitliff";76
401;"Kingston";179
402;"Edkins";215
403;"Rutter";588
404;"Mandrake";248
405;"Goldstein";583
406;"Standbrook";371
407;"Wilstead";230
408;"Cabotto";292
409;"Wivell";181
410;"Jakaway";297
411;"Perello";471
412;"Legonidec";165
413;"Lumb";485
414;"Peppard";490
415;"Hankard";287
416;"De Giovanni";8
417;"Larkby";418
418;"Dodamead";373
419;"Pharo";325
420;"Eefting";322
421;"Clowley";350
422;"Ply";138
423;"German";400
424;"Hume";309
425;"Galego";279
426;"Sleightholm";505
427;"Pinsent";347
428;"Farquar";50
429;"Skett";587
430;"Wiseman";275
431;"Fillingham";121
432;"Lawlie";594
433;"Gremane";80
434;"Dooler";542
435;"Plose";55
436;"Gallahue";252
437;"Bevans";333
438;"Whaymand";252
439;"Marion";573
440;"Mont";464
441;"Apedaile";442
442;"Babbs";280
443;"Brolan";559
444;"Lupton";195
445;"McGrorty";258
446;"Megainey";394
447;"Apdell";420
448;"Gibbett";517
449;"Dudin";455
450;"Meneyer";245
451;"Climie";348
452;"Glover";228
453;"Souter";571
454;"Philipsson";375
455;"Capey";484
456;"Malenoir";306
457;"Camelli";102
458;"Southey";544
459;"Berston";234
460;"Davidsson";130
461;"Musterd";513
462;"Affleck";600
463;"Lunck";341
464;"Worthing";459
465;"deKnevet";527
466;"Allman";461
467;"Fayerman";580
468;"Rockcliff";311
469;"Mowatt";300
470;"Scoone";316
471;"Skeldinge";327
472;"Vlahos";476
473;"Liveley";545
474;"Mothersdale";310
475;"Begley";205
476;"Oldershaw";214
477;"McFetrich";290
478;"Erik";327
479;"Tipling";375
480;"Hofton";599
481;"Maylour";559
482;"Luten";140
483;"Mathwin";341
484;"Waumsley";170
485;"Vaudrey";462
486;"Adelberg";480
487;"Ketchen";410
488;"Draysay";529
489;"McCullouch";321
490;"Bodle";567
491;"Billion";216
492;"Kilner";183
493;"Ovise";123
494;"Kintish";529
495;"Knotton";10
496;"Tomasoni";289
497;"Dundon";88
498;"Kocher";590
499;"Varley";58
500;"Geke";447
